{
  "logistic_regression": {
    "accuracy_mean": 0.5777761424681728,
    "accuracy_std": 0.1179771243424905,
    "balanced_accuracy_mean": 0.502015309689591,
    "balanced_accuracy_std": 0.14072914857590457,
    "macro_f1_mean": 0.408371967936805,
    "macro_f1_std": 0.13104971782264788,
    "crisis_recall_mean": 0.16967418546365914,
    "crisis_recall_std": 0.18290176652890955,
    "cohen_kappa_mean": 0.15019555186999872,
    "cohen_kappa_std": 0.1838917420483135,
    "fold_metrics": [
      {
        "accuracy": 0.6635514018691588,
        "balanced_accuracy": 0.5359234872599893,
        "macro_f1": 0.5229882998331961,
        "weighted_f1": 0.6469521834329942,
        "cohen_kappa": 0.306695464362851,
        "mcc": 0.30904149701723077,
        "precision_per_class": {
          "0": 0.55,
          "1": 0.76,
          "2": 0.25
        },
        "recall_per_class": {
          "0": 0.6470588235294118,
          "1": 0.8028169014084507,
          "2": 0.15789473684210525
        },
        "f1_per_class": {
          "0": 0.5945945945945946,
          "1": 0.7808219178082192,
          "2": 0.1935483870967742
        },
        "log_loss_value": 1.9660261118681865,
        "roc_auc_ovr": 0.677165619038684,
        "brier_score": 0.5389717623953039,
        "crisis_recall": 0.15789473684210525,
        "crisis_precision": 0.25,
        "regime_transition_accuracy": 0.375,
        "expected_calibration_error": 0.23514284217323572,
        "early_warning_score": 1.0
      },
      {
        "accuracy": 0.5590551181102362,
        "balanced_accuracy": 0.285140562248996,
        "macro_f1": 0.23905723905723905,
        "weighted_f1": 0.4687027757893899,
        "cohen_kappa": -0.12070595650803662,
        "mcc": -0.1616551160925871,
        "precision_per_class": {
          "0": 0.0,
          "1": 0.6173913043478261,
          "2": 0.0
        },
        "recall_per_class": {
          "0": 0.0,
          "1": 0.8554216867469879,
          "2": 0.0
        },
        "f1_per_class": {
          "0": 0.0,
          "1": 0.7171717171717171,
          "2": 0.0
        },
        "log_loss_value": 2.5527826401865186,
        "roc_auc_ovr": 0.5794364545392238,
        "brier_score": 0.771527279275266,
        "crisis_recall": 0.0,
        "crisis_precision": 0.0,
        "regime_transition_accuracy": 0.42857142857142855,
        "expected_calibration_error": 0.390942925577585,
        "early_warning_score": 1.0
      },
      {
        "accuracy": 0.3925233644859813,
        "balanced_accuracy": 0.4361471861471861,
        "macro_f1": 0.26649772991236403,
        "weighted_f1": 0.3841100772944857,
        "cohen_kappa": 0.019179241291778504,
        "mcc": 0.02631988930704771,
        "precision_per_class": {
          "0": 0.0,
          "1": 0.379746835443038,
          "2": 0.8571428571428571
        },
        "recall_per_class": {
          "0": 0.0,
          "1": 0.6818181818181818,
          "2": 0.19047619047619047
        },
        "f1_per_class": {
          "0": 0.0,
          "1": 0.4878048780487805,
          "2": 0.3116883116883117
        },
        "log_loss_value": 4.471545627863251,
        "roc_auc_ovr": NaN,
        "brier_score": 1.0524431362330828,
        "crisis_recall": 0.19047619047619047,
        "crisis_precision": 0.8571428571428571,
        "regime_transition_accuracy": 0.3333333333333333,
        "expected_calibration_error": 0.50096748411271,
        "early_warning_score": 1.0
      },
      {
        "accuracy": 0.7383177570093458,
        "balanced_accuracy": 0.7145833333333333,
        "macro_f1": 0.45861111111111114,
        "weighted_f1": 0.7500389408099688,
        "cohen_kappa": 0.38226804123711344,
        "mcc": 0.3919250085860972,
        "precision_per_class": {
          "0": 0.8714285714285714,
          "1": 0.4864864864864865,
          "2": 0.0
        },
        "recall_per_class": {
          "0": 0.7625,
          "1": 0.6666666666666666,
          "2": 0.0
        },
        "f1_per_class": {
          "0": 0.8133333333333334,
          "1": 0.5625,
          "2": 0.0
        },
        "log_loss_value": 1.6136656298752803,
        "roc_auc_ovr": NaN,
        "brier_score": 0.46242159196690025,
        "crisis_recall": 0.0,
        "crisis_precision": 0.0,
        "regime_transition_accuracy": 0.5,
        "expected_calibration_error": 0.22993509299921955,
        "early_warning_score": 0.0
      },
      {
        "accuracy": 0.5354330708661418,
        "balanced_accuracy": 0.53828197945845,
        "macro_f1": 0.554705459770115,
        "weighted_f1": 0.5330513508009774,
        "cohen_kappa": 0.16354096896628723,
        "mcc": 0.1759574039125981,
        "precision_per_class": {
          "0": 0.6521739130434783,
          "1": 0.45454545454545453,
          "2": 0.75
        },
        "recall_per_class": {
          "0": 0.42857142857142855,
          "1": 0.6862745098039216,
          "2": 0.5
        },
        "f1_per_class": {
          "0": 0.5172413793103449,
          "1": 0.546875,
          "2": 0.6
        },
        "log_loss_value": 5.307224808811721,
        "roc_auc_ovr": 0.6971263436504079,
        "brier_score": 0.870021043291195,
        "crisis_recall": 0.5,
        "crisis_precision": 0.75,
        "regime_transition_accuracy": 0.42857142857142855,
        "expected_calibration_error": 0.42140154284086084,
        "early_warning_score": 0.8
      }
    ]
  },
  "random_forest": {
    "accuracy_mean": 0.536463315917286,
    "accuracy_std": 0.10328963079076371,
    "balanced_accuracy_mean": 0.4346708683473389,
    "balanced_accuracy_std": 0.1185193593441059,
    "macro_f1_mean": 0.27244345506054624,
    "macro_f1_std": 0.04702684646005113,
    "crisis_recall_mean": 0.0,
    "crisis_recall_std": 0.0,
    "cohen_kappa_mean": 0.05086743669735354,
    "cohen_kappa_std": 0.06580428357900292,
    "fold_metrics": [
      {
        "accuracy": 0.6635514018691588,
        "balanced_accuracy": 0.3333333333333333,
        "macro_f1": 0.26591760299625467,
        "weighted_f1": 0.5293499947495537,
        "cohen_kappa": 0.0,
        "mcc": 0.0,
        "precision_per_class": {
          "0": 0.0,
          "1": 0.6635514018691588,
          "2": 0.0
        },
        "recall_per_class": {
          "0": 0.0,
          "1": 1.0,
          "2": 0.0
        },
        "f1_per_class": {
          "0": 0.0,
          "1": 0.797752808988764,
          "2": 0.0
        },
        "log_loss_value": 0.7150615480453805,
        "roc_auc_ovr": 0.776677335279568,
        "brier_score": 0.433588464950145,
        "crisis_recall": 0.0,
        "crisis_precision": 0.0,
        "regime_transition_accuracy": 0.5,
        "expected_calibration_error": 0.08269507909276903,
        "early_warning_score": 1.0
      },
      {
        "accuracy": 0.6535433070866141,
        "balanced_accuracy": 0.3333333333333333,
        "macro_f1": 0.2634920634920635,
        "weighted_f1": 0.5166104236970378,
        "cohen_kappa": 0.0,
        "mcc": 0.0,
        "precision_per_class": {
          "0": 0.0,
          "1": 0.6535433070866141,
          "2": 0.0
        },
        "recall_per_class": {
          "0": 0.0,
          "1": 1.0,
          "2": 0.0
        },
        "f1_per_class": {
          "0": 0.0,
          "1": 0.7904761904761904,
          "2": 0.0
        },
        "log_loss_value": 0.8286991901656697,
        "roc_auc_ovr": 0.7546387342007553,
        "brier_score": 0.5213009716430992,
        "crisis_recall": 0.0,
        "crisis_precision": 0.0,
        "regime_transition_accuracy": 0.42857142857142855,
        "expected_calibration_error": 0.1809910708902287,
        "early_warning_score": 1.0
      },
      {
        "accuracy": 0.411214953271028,
        "balanced_accuracy": 0.5,
        "macro_f1": 0.19426048565121412,
        "weighted_f1": 0.2396484495884137,
        "cohen_kappa": 0.0,
        "mcc": 0.0,
        "precision_per_class": {
          "0": 0.0,