{
  "logistic_regression": {
    "accuracy_mean": 0.6141666666666666,
    "accuracy_std": 0.06399801971762702,
    "balanced_accuracy_mean": 0.655293508864143,
    "balanced_accuracy_std": 0.08067165503071728,
    "macro_f1_mean": 0.5305984213772937,
    "macro_f1_std": 0.0771966387644539,
    "crisis_recall_mean": 0.4993325917686319,
    "crisis_recall_std": 0.31780952484474323,
    "cohen_kappa_mean": 0.37450265944023686,
    "cohen_kappa_std": 0.0651947338668655,
    "fold_metrics": [
      {
        "accuracy": 0.546875,
        "balanced_accuracy": 0.5272030651340996,
        "macro_f1": 0.4782617746552173,
        "weighted_f1": 0.5229239851678376,
        "cohen_kappa": 0.32484539832666426,
        "mcc": 0.3758882289161314,
        "precision_per_class": {
          "0": 0.4878048780487805,
          "1": 0.2,
          "2": 1.0
        },
        "recall_per_class": {
          "0": 1.0,
          "1": 0.13333333333333333,
          "2": 0.4482758620689655
        },
        "f1_per_class": {
          "0": 0.6557377049180327,
          "1": 0.16,
          "2": 0.6190476190476191
        },
        "log_loss_value": 1.9426241519787988,
        "roc_auc_ovr": 0.7619463459364937,
        "brier_score": 0.6666258105742426,
        "crisis_recall": 0.4482758620689655,
        "crisis_precision": 1.0,
        "regime_transition_accuracy": 0.45454545454545453,
        "expected_calibration_error": 0.29211954229413983,
        "early_warning_score": 0.26666666666666666
      },
      {
        "accuracy": 0.546875,
        "balanced_accuracy": 0.594017094017094,
        "macro_f1": 0.4490476190476191,
        "weighted_f1": 0.5120982142857142,
        "cohen_kappa": 0.27894327894327897,
        "mcc": 0.3820089374970989,
        "precision_per_class": {
          "0": 0.48936170212765956,
          "1": 1.0,
          "2": 0.16666666666666666
        },
        "recall_per_class": {
          "0": 1.0,
          "1": 0.28205128205128205,
          "2": 0.5
        },
        "f1_per_class": {
          "0": 0.6571428571428571,
          "1": 0.44,
          "2": 0.25
        },
        "log_loss_value": 1.1593671838396002,
        "roc_auc_ovr": 0.7599699291954619,
        "brier_score": 0.6655800318021932,
        "crisis_recall": 0.5,
        "crisis_precision": 0.16666666666666666,
        "regime_transition_accuracy": 0.5833333333333334,
        "expected_calibration_error": 0.2268014415598008,
        "early_warning_score": 1.0
      },
      {
        "accuracy": 0.625,
        "balanced_accuracy": 0.7161290322580646,
        "macro_f1": 0.6167800453514739,
        "weighted_f1": 0.6335034013605442,
        "cohen_kappa": 0.43446244477172313,
        "mcc": 0.45747706791039594,
        "precision_per_class": {
          "0": 0.4,
          "1": 0.625,
          "2": 0.85
        },
        "recall_per_class": {
          "0": 1.0,
          "1": 0.6,
          "2": 0.5483870967741935
        },
        "f1_per_class": {
          "0": 0.5714285714285714,
          "1": 0.6122448979591837,
          "2": 0.6666666666666666
        },
        "log_loss_value": 1.0248992057660806,
        "roc_auc_ovr": 0.8090887450363257,
        "brier_score": 0.554351883969634,
        "crisis_recall": 0.5483870967741935,
        "crisis_precision": 0.85,
        "regime_transition_accuracy": 0.4,
        "expected_calibration_error": 0.16926215790467397,
        "early_warning_score": 0.6
      },
      {
        "accuracy": 0.71875,
        "balanced_accuracy": 0.7339901477832512,
        "macro_f1": 0.477504105090312,
        "weighted_f1": 0.713762315270936,
        "cohen_kappa": 0.4519505233111323,
        "mcc": 0.4855173366555463,
        "precision_per_class": {
          "0": 0.6341463414634146,
          "1": 0.8695652173913043,
          "2": 0.0
        },
        "recall_per_class": {
          "0": 0.896551724137931,
          "1": 0.5714285714285714,
          "2": 0.0
        },
        "f1_per_class": {
          "0": 0.7428571428571429,
          "1": 0.6896551724137931,
          "2": 0.0
        },
        "log_loss_value": 0.6660489450304663,
        "roc_auc_ovr": NaN,
        "brier_score": 0.4024523262089362,
        "crisis_recall": 0.0,
        "crisis_precision": 0.0,
        "regime_transition_accuracy": 0.7,
        "expected_calibration_error": 0.14823168013439225,
        "early_warning_score": 0.0
      },
      {
        "accuracy": 0.6333333333333333,
        "balanced_accuracy": 0.7051282051282052,
        "macro_f1": 0.6313985627418464,
        "weighted_f1": 0.6497457158651189,
        "cohen_kappa": 0.38231165184838567,
        "mcc": 0.4018328475898419,
        "precision_per_class": {
          "0": 0.8571428571428571,
          "1": 0.3333333333333333,
          "2": 0.6363636363636364
        },
        "recall_per_class": {
          "0": 0.6153846153846154,
          "1": 0.5,
          "2": 1.0
        },
        "f1_per_class": {
          "0": 0.7164179104477612,
          "1": 0.4,
          "2": 0.7777777777777778
        },
        "log_loss_value": 1.008076462265973,
        "roc_auc_ovr": 0.8464546725416291,
        "brier_score": 0.5477097619489544,
        "crisis_recall": 1.0,
        "crisis_precision": 0.6363636363636364,
        "regime_transition_accuracy": 0.3,
        "expected_calibration_error": 0.24254227240976295,
        "early_warning_score": 1.0
      }
    ]
  },
  "random_forest": {
    "accuracy_mean": 0.6135416666666667,
    "accuracy_std": 0.04812003942687956,
    "balanced_accuracy_mean": 0.5956248649278103,
    "balanced_accuracy_std": 0.10399949094404394,
    "macro_f1_mean": 0.505528818420131,
    "macro_f1_std": 0.07274432340094544,
    "crisis_recall_mean": 0.43016049578897186,
    "crisis_recall_std": 0.3645192459847738,
    "cohen_kappa_mean": 0.3608548419835835,
    "cohen_kappa_std": 0.04834437517233755,
    "fold_metrics": [
      {
        "accuracy": 0.578125,
        "balanced_accuracy": 0.5450191570881225,
        "macro_f1": 0.5052933708671414,
        "weighted_f1": 0.5595079897333997,
        "cohen_kappa": 0.3616549685999261,
        "mcc": 0.4155885655328268,
        "precision_per_class": {
          "0": 0.4634146341463415,
          "1": 0.2857142857142857,
          "2": 1.0
        },
        "recall_per_class": {
          "0": 0.95,
          "1": 0.13333333333333333,
          "2": 0.5517241379310345
        },
        "f1_per_class": {
          "0": 0.6229508196721312,
          "1": 0.18181818181818182,
          "2": 0.7111111111111111
        },
        "log_loss_value": 0.8117521672738051,
        "roc_auc_ovr": 0.8690806730215597,
        "brier_score": 0.4861125,
        "crisis_recall": 0.5517241379310345,
        "crisis_precision": 1.0,
        "regime_transition_accuracy": 0.2727272727272727,
        "expected_calibration_error": 0.15093749999999997,
        "early_warning_score": 0.0
      },
      {
        "accuracy": 0.578125,
        "balanced_accuracy": 0.44704570791527315,
        "macro_f1": 0.3942577030812325,
        "weighted_f1": 0.5589876575630253,
        "cohen_kappa": 0.27819548872180455,
        "mcc": 0.34952680084461335,
        "precision_per_class": {
          "0": 0.4888888888888889,
          "1": 0.8823529411764706,
          "2": 0.0
        },
        "recall_per_class": {
          "0": 0.9565217391304348,
          "1": 0.38461538461538464,
          "2": 0.0
        },
        "f1_per_class": {
          "0": 0.6470588235294118,
          "1": 0.5357142857142857,
          "2": 0.0
        },
        "log_loss_value": 0.8215325322798769,
        "roc_auc_ovr": 0.8418656734091345,
        "brier_score": 0.521615625,
        "crisis_recall": 0.0,
        "crisis_precision": 0.0,
        "regime_transition_accuracy": 0.4166666666666667,
        "expected_calibration_error": 0.13937500000000003,
        "early_warning_score": 1.0
      },
      {
        "accuracy": 0.625,