{
  "logistic_regression": {
    "accuracy_mean": 0.5919241711929648,
    "accuracy_std": 0.09890520356225124,
    "balanced_accuracy_mean": 0.5730889595889233,
    "balanced_accuracy_std": 0.12554888383160268,
    "macro_f1_mean": 0.4469799171318728,
    "macro_f1_std": 0.14816115264826882,
    "crisis_recall_mean": 0.4235451505016723,
    "crisis_recall_std": 0.3547413537671035,
    "cohen_kappa_mean": 0.2649744096888501,
    "cohen_kappa_std": 0.19075143105637637,
    "fold_metrics": [
      {
        "accuracy": 0.5963302752293578,
        "balanced_accuracy": 0.5845410628019324,
        "macro_f1": 0.451063829787234,
        "weighted_f1": 0.5723989849697443,
        "cohen_kappa": 0.30005837711617045,
        "mcc": 0.31589905984943684,
        "precision_per_class": {
          "0": 0.38235294117647056,
          "1": 0.0,
          "2": 0.8524590163934426
        },
        "recall_per_class": {
          "0": 1.0,
          "1": 0.0,
          "2": 0.7536231884057971
        },
        "f1_per_class": {
          "0": 0.5531914893617021,
          "1": 0.0,
          "2": 0.8
        },
        "log_loss_value": 2.613109014902851,
        "roc_auc_ovr": 0.7894045594116289,
        "brier_score": 0.655747267147148,
        "crisis_recall": 0.7536231884057971,
        "crisis_precision": 0.8524590163934426,
        "regime_transition_accuracy": 0.375,
        "expected_calibration_error": 0.29446988520233786,
        "early_warning_score": 0.9
      },
      {
        "accuracy": 0.5671641791044776,
        "balanced_accuracy": 0.43002940667704553,
        "macro_f1": 0.4087050204697264,
        "weighted_f1": 0.5747165915734836,
        "cohen_kappa": 0.264433087261026,
        "mcc": 0.2906202700561636,
        "precision_per_class": {
          "0": 0.5555555555555556,
          "1": 0.75,
          "2": 0.0
        },
        "recall_per_class": {
          "0": 0.851063829787234,
          "1": 0.43902439024390244,
          "2": 0.0
        },
        "f1_per_class": {
          "0": 0.6722689075630253,
          "1": 0.5538461538461539,
          "2": 0.0
        },
        "log_loss_value": 2.3407887253026627,
        "roc_auc_ovr": 0.6684039638883625,
        "brier_score": 0.7646864469744241,
        "crisis_recall": 0.0,
        "crisis_precision": 0.0,
        "regime_transition_accuracy": 0.5,
        "expected_calibration_error": 0.3843001498195135,
        "early_warning_score": 1.0
      },
      {
        "accuracy": 0.5045871559633027,
        "balanced_accuracy": 0.45947063688999173,
        "macro_f1": 0.311889699918897,
        "weighted_f1": 0.543078193709681,
        "cohen_kappa": 0.004902789518174133,
        "mcc": 0.005201360051071473,
        "precision_per_class": {
          "0": 0.0,
          "1": 0.25,
          "2": 0.7457627118644068
        },
        "recall_per_class": {
          "0": 0.0,
          "1": 0.3548387096774194,
          "2": 0.5641025641025641
        },
        "f1_per_class": {
          "0": 0.0,
          "1": 0.29333333333333333,
          "2": 0.6423357664233577
        },
        "log_loss_value": 2.2732998232203987,
        "roc_auc_ovr": NaN,
        "brier_score": 0.7985696285975676,
        "crisis_recall": 0.5641025641025641,
        "crisis_precision": 0.7457627118644068,
        "regime_transition_accuracy": 0.45454545454545453,
        "expected_calibration_error": 0.40082573998823157,
        "early_warning_score": 0.9666666666666667
      },
      {
        "accuracy": 0.5137614678899083,
        "balanced_accuracy": 0.6084136397331357,
        "macro_f1": 0.33707031807160176,
        "weighted_f1": 0.4863806416914966,
        "cohen_kappa": 0.1684180221678423,
        "mcc": 0.24935599255565535,
        "precision_per_class": {
          "0": 0.4117647058823529,
          "1": 0.875,
          "2": 0.0
        },
        "recall_per_class": {
          "0": 0.9210526315789473,
          "1": 0.29577464788732394,
          "2": 0.0
        },
        "f1_per_class": {
          "0": 0.5691056910569106,
          "1": 0.4421052631578947,
          "2": 0.0
        },
        "log_loss_value": 3.686681296985569,
        "roc_auc_ovr": NaN,
        "brier_score": 0.8855081837094289,
        "crisis_recall": 0.0,
        "crisis_precision": 0.0,
        "regime_transition_accuracy": 0.47619047619047616,
        "expected_calibration_error": 0.4448770258024128,
        "early_warning_score": 0.0
      },
      {
        "accuracy": 0.7777777777777778,
        "balanced_accuracy": 0.7829900518425109,
        "macro_f1": 0.7261707174119052,
        "weighted_f1": 0.7804719980937669,
        "cohen_kappa": 0.5870597723810377,
        "mcc": 0.5881908182212806,
        "precision_per_class": {
          "0": 0.8493150684931506,
          "1": 0.7301587301587301,
          "2": 0.5
        },
        "recall_per_class": {
          "0": 0.7948717948717948,
          "1": 0.7540983606557377,
          "2": 0.8
        },
        "f1_per_class": {
          "0": 0.8211920529801324,
          "1": 0.7419354838709677,
          "2": 0.6153846153846154
        },
        "log_loss_value": 0.6646798632091362,
        "roc_auc_ovr": 0.9318537924630652,
        "brier_score": 0.3401773720269768,
        "crisis_recall": 0.8,
        "crisis_precision": 0.5,
        "regime_transition_accuracy": 0.2222222222222222,
        "expected_calibration_error": 0.14007501658125562,
        "early_warning_score": 1.0
      }
    ]
  },
  "random_forest": {
    "accuracy_mean": 0.5880191930256973,
    "accuracy_std": 0.06653966472748275,
    "balanced_accuracy_mean": 0.6175152570568956,
    "balanced_accuracy_std": 0.07539716592734809,
    "macro_f1_mean": 0.4972233236436357,
    "macro_f1_std": 0.1406802930631734,
    "crisis_recall_mean": 0.5008472686733556,
    "crisis_recall_std": 0.2788305241547438,
    "cohen_kappa_mean": 0.25671496583596115,
    "cohen_kappa_std": 0.14381758277458617,
    "fold_metrics": [
      {
        "accuracy": 0.6146788990825688,
        "balanced_accuracy": 0.5936248400016516,
        "macro_f1": 0.5484105287823167,
        "weighted_f1": 0.6335776376952936,
        "cohen_kappa": 0.33996539792387537,
        "mcc": 0.3487339456798758,
        "precision_per_class": {
          "0": 0.4090909090909091,
          "1": 0.34375,
          "2": 0.8545454545454545
        },
        "recall_per_class": {
          "0": 0.6923076923076923,
          "1": 0.4074074074074074,
          "2": 0.6811594202898551
        },
        "f1_per_class": {
          "0": 0.5142857142857142,
          "1": 0.3728813559322034,
          "2": 0.7580645161290323
        },
        "log_loss_value": 0.7582622019859535,
        "roc_auc_ovr": 0.8199190768384831,
        "brier_score": 0.44096276892513425,
        "crisis_recall": 0.6811594202898551,
        "crisis_precision": 0.8545454545454545,
        "regime_transition_accuracy": 0.25,
        "expected_calibration_error": 0.1446985796333471,
        "early_warning_score": 1.0
      },
      {
        "accuracy": 0.5970149253731343,
        "balanced_accuracy": 0.6552845528455284,
        "macro_f1": 0.5092694422623724,
        "weighted_f1": 0.5793137611236824,
        "cohen_kappa": 0.3520773638968482,
        "mcc": 0.43362562407229727,
        "precision_per_class": {
          "0": 0.5402298850574713,
          "1": 0.9375,
          "2": 0.2
        },
        "recall_per_class": {
          "0": 1.0,
          "1": 0.36585365853658536,
          "2": 0.6
        },
        "f1_per_class": {
          "0": 0.7014925373134329,
          "1": 0.5263157894736842,
          "2": 0.3
        },
        "log_loss_value": 0.7908948391673113,
        "roc_auc_ovr": 0.8866499789418271,
        "brier_score": 0.5219882541454486,
        "crisis_recall": 0.6,
        "crisis_precision": 0.2,
        "regime_transition_accuracy": 0.4166666666666667,
        "expected_calibration_error": 0.20078421161785634,