{
  "logistic_regression": {
    "accuracy_mean": 0.5997095942306815,
    "accuracy_std": 0.08887445459776838,
    "balanced_accuracy_mean": 0.5805917004906263,
    "balanced_accuracy_std": 0.12125439829664117,
    "macro_f1_mean": 0.4506459420944634,
    "macro_f1_std": 0.1396005806314249,
    "crisis_recall_mean": 0.4206465997770346,
    "crisis_recall_std": 0.3520817214594112,
    "cohen_kappa_mean": 0.2753732733227344,
    "cohen_kappa_std": 0.1755263472023086,
    "fold_metrics": [
      {
        "accuracy": 0.5871559633027523,
        "balanced_accuracy": 0.5797101449275363,
        "macro_f1": 0.44043663977218794,
        "weighted_f1": 0.5638174194363045,
        "cohen_kappa": 0.291389771742271,
        "mcc": 0.3097248875547244,
        "precision_per_class": {
          "0": 0.3611111111111111,
          "1": 0.0,
          "2": 0.85
        },
        "recall_per_class": {
          "0": 1.0,
          "1": 0.0,
          "2": 0.7391304347826086
        },
        "f1_per_class": {
          "0": 0.5306122448979592,
          "1": 0.0,
          "2": 0.7906976744186046
        },
        "log_loss_value": 2.626299350040507,
        "roc_auc_ovr": 0.7909321156338653,
        "brier_score": 0.6569683019364003,
        "crisis_recall": 0.7391304347826086,
        "crisis_precision": 0.85,
        "regime_transition_accuracy": 0.375,
        "expected_calibration_error": 0.29999570146061805,
        "early_warning_score": 0.9
      },
      {
        "accuracy": 0.5671641791044776,
        "balanced_accuracy": 0.43305656460819925,
        "macro_f1": 0.40818698347107435,
        "weighted_f1": 0.5723506691747873,
        "cohen_kappa": 0.26927416321925546,
        "mcc": 0.2994209958443644,
        "precision_per_class": {
          "0": 0.5540540540540541,
          "1": 0.7608695652173914,
          "2": 0.0
        },
        "recall_per_class": {
          "0": 0.8723404255319149,
          "1": 0.4268292682926829,
          "2": 0.0
        },
        "f1_per_class": {
          "0": 0.6776859504132231,
          "1": 0.546875,
          "2": 0.0
        },
        "log_loss_value": 2.3868095752165717,
        "roc_auc_ovr": 0.6762185538898846,
        "brier_score": 0.778719324525312,
        "crisis_recall": 0.0,
        "crisis_precision": 0.0,
        "regime_transition_accuracy": 0.5,
        "expected_calibration_error": 0.3893143255378878,
        "early_warning_score": 1.0
      },
      {
        "accuracy": 0.5137614678899083,
        "balanced_accuracy": 0.47559966914805624,
        "macro_f1": 0.3193750800358561,
        "weighted_f1": 0.549464802433325,
        "cohen_kappa": 0.01818490822569674,
        "mcc": 0.01930873263346722,
        "precision_per_class": {
          "0": 0.0,
          "1": 0.26666666666666666,
          "2": 0.7457627118644068
        },
        "recall_per_class": {
          "0": 0.0,
          "1": 0.3870967741935484,
          "2": 0.5641025641025641
        },
        "f1_per_class": {
          "0": 0.0,
          "1": 0.3157894736842105,
          "2": 0.6423357664233577
        },
        "log_loss_value": 2.3059325114122995,
        "roc_auc_ovr": NaN,
        "brier_score": 0.8115135425632694,
        "crisis_recall": 0.5641025641025641,
        "crisis_precision": 0.7457627118644068,
        "regime_transition_accuracy": 0.45454545454545453,
        "expected_calibration_error": 0.39221773508616664,
        "early_warning_score": 1.0
      },
      {
        "accuracy": 0.5596330275229358,
        "balanced_accuracy": 0.6416666666666666,
        "macro_f1": 0.3674216426447037,
        "weighted_f1": 0.5346980410923539,
        "cohen_kappa": 0.2301353737492643,
        "mcc": 0.3248198523919628,
        "precision_per_class": {
          "0": 0.4523809523809524,
          "1": 0.92,
          "2": 0.0
        },
        "recall_per_class": {
          "0": 0.95,
          "1": 0.3333333333333333,
          "2": 0.0
        },
        "f1_per_class": {
          "0": 0.6129032258064516,
          "1": 0.48936170212765956,
          "2": 0.0
        },
        "log_loss_value": 3.273979094559063,
        "roc_auc_ovr": NaN,
        "brier_score": 0.7993785561611109,
        "crisis_recall": 0.0,
        "crisis_precision": 0.0,
        "regime_transition_accuracy": 0.47619047619047616,
        "expected_calibration_error": 0.40373529592807367,
        "early_warning_score": 0.0
      },
      {
        "accuracy": 0.7708333333333334,
        "balanced_accuracy": 0.7729254571026724,
        "macro_f1": 0.717809364548495,
        "weighted_f1": 0.7710731373095503,
        "cohen_kappa": 0.5678821496771846,
        "mcc": 0.5688925330872864,
        "precision_per_class": {
          "0": 0.8148148148148148,
          "1": 0.7454545454545455,
          "2": 0.5
        },
        "recall_per_class": {
          "0": 0.8354430379746836,
          "1": 0.6833333333333333,
          "2": 0.8
        },
        "f1_per_class": {
          "0": 0.825,
          "1": 0.7130434782608696,
          "2": 0.6153846153846154
        },
        "log_loss_value": 0.7377010827223586,
        "roc_auc_ovr": 0.9264405117071085,
        "brier_score": 0.35718780392493193,
        "crisis_recall": 0.8,
        "crisis_precision": 0.5,
        "regime_transition_accuracy": 0.3333333333333333,
        "expected_calibration_error": 0.15358871939958063,
        "early_warning_score": 1.0
      }
    ]
  },
  "random_forest": {
    "accuracy_mean": 0.5803900984374762,
    "accuracy_std": 0.0800215214710642,
    "balanced_accuracy_mean": 0.609473778423012,
    "balanced_accuracy_std": 0.08869467838635352,
    "macro_f1_mean": 0.4950776714293461,
    "macro_f1_std": 0.14094184309656282,
    "crisis_recall_mean": 0.49282051282051287,
    "crisis_recall_std": 0.27858192609419424,
    "cohen_kappa_mean": 0.24051145206496463,
    "cohen_kappa_std": 0.16859768589863036,
    "fold_metrics": [
      {
        "accuracy": 0.6146788990825688,
        "balanced_accuracy": 0.6011396011396011,
        "macro_f1": 0.5515823802305819,
        "weighted_f1": 0.6338789627983358,
        "cohen_kappa": 0.3452517162471396,
        "mcc": 0.3554713119396163,
        "precision_per_class": {
          "0": 0.391304347826087,
          "1": 0.375,
          "2": 0.8518518518518519
        },
        "recall_per_class": {
          "0": 0.6923076923076923,
          "1": 0.4444444444444444,
          "2": 0.6666666666666666
        },
        "f1_per_class": {
          "0": 0.5,
          "1": 0.4067796610169492,
          "2": 0.7479674796747967
        },
        "log_loss_value": 0.7608035439486396,
        "roc_auc_ovr": 0.8447324225889973,
        "brier_score": 0.439966732082802,
        "crisis_recall": 0.6666666666666666,
        "crisis_precision": 0.8518518518518519,
        "regime_transition_accuracy": 0.375,
        "expected_calibration_error": 0.16105378562170633,
        "early_warning_score": 1.0
      },
      {
        "accuracy": 0.6119402985074627,
        "balanced_accuracy": 0.6634146341463415,
        "macro_f1": 0.5288500028592669,
        "weighted_f1": 0.5961059345577824,
        "cohen_kappa": 0.36735064463410205,
        "mcc": 0.44806482893753513,
        "precision_per_class": {
          "0": 0.5402298850574713,
          "1": 0.9411764705882353,
          "2": 0.23076923076923078
        },
        "recall_per_class": {
          "0": 1.0,
          "1": 0.3902439024390244,
          "2": 0.6
        },
        "f1_per_class": {
          "0": 0.7014925373134329,
          "1": 0.5517241379310345,
          "2": 0.3333333333333333
        },
        "log_loss_value": 0.754865675733486,
        "roc_auc_ovr": 0.8965245134977663,
        "brier_score": 0.49566220118663223,
        "crisis_recall": 0.6,
        "crisis_precision": 0.23076923076923078,
        "regime_transition_accuracy": 0.5,
        "expected_calibration_error": 0.1623133084899675,