{
  "logistic_regression": {
    "accuracy_mean": 0.6179723502304147,
    "accuracy_std": 0.0627173053038615,
    "balanced_accuracy_mean": 0.6326030059731872,
    "balanced_accuracy_std": 0.12195142361549685,
    "macro_f1_mean": 0.5223770344021106,
    "macro_f1_std": 0.10452599219219841,
    "crisis_recall_mean": 0.3991071428571429,
    "crisis_recall_std": 0.37452776388188813,
    "cohen_kappa_mean": 0.3744784719736619,
    "cohen_kappa_std": 0.06850257244012764,
    "fold_metrics": [
      {
        "accuracy": 0.5714285714285714,
        "balanced_accuracy": 0.5547619047619047,
        "macro_f1": 0.5142938913091869,
        "weighted_f1": 0.5520152072446409,
        "cohen_kappa": 0.3605263157894737,
        "mcc": 0.40801197000433836,
        "precision_per_class": {
          "0": 0.5128205128205128,
          "1": 0.2727272727272727,
          "2": 1.0
        },
        "recall_per_class": {
          "0": 1.0,
          "1": 0.2,
          "2": 0.4642857142857143
        },
        "f1_per_class": {
          "0": 0.6779661016949152,
          "1": 0.23076923076923075,
          "2": 0.6341463414634146
        },
        "log_loss_value": 1.9197406755183366,
        "roc_auc_ovr": 0.7624450684666634,
        "brier_score": 0.6519517769863676,
        "crisis_recall": 0.4642857142857143,
        "crisis_precision": 1.0,
        "regime_transition_accuracy": 0.5454545454545454,
        "expected_calibration_error": 0.26817511999128446,
        "early_warning_score": 0.26666666666666666
      },
      {
        "accuracy": 0.5396825396825397,
        "balanced_accuracy": 0.4298245614035088,
        "macro_f1": 0.36562230526013223,
        "weighted_f1": 0.5073433800079388,
        "cohen_kappa": 0.2509225092250923,
        "mcc": 0.3507882824446759,
        "precision_per_class": {
          "0": 0.4791666666666667,
          "1": 1.0,
          "2": 0.0
        },
        "recall_per_class": {
          "0": 1.0,
          "1": 0.2894736842105263,
          "2": 0.0
        },
        "f1_per_class": {
          "0": 0.647887323943662,
          "1": 0.4489795918367347,
          "2": 0.0
        },
        "log_loss_value": 1.2119293493938395,
        "roc_auc_ovr": 0.7751286716434708,
        "brier_score": 0.6818711010275934,
        "crisis_recall": 0.0,
        "crisis_precision": 0.0,
        "regime_transition_accuracy": 0.5454545454545454,
        "expected_calibration_error": 0.24029188657271616,
        "early_warning_score": 0.0
      },
      {
        "accuracy": 0.6031746031746031,
        "balanced_accuracy": 0.7104166666666667,
        "macro_f1": 0.5877495214656823,
        "weighted_f1": 0.6136307407841453,
        "cohen_kappa": 0.38715953307393003,
        "mcc": 0.40721356748843107,
        "precision_per_class": {
          "0": 0.35294117647058826,
          "1": 0.6,
          "2": 0.8095238095238095
        },
        "recall_per_class": {
          "0": 1.0,
          "1": 0.6,
          "2": 0.53125
        },
        "f1_per_class": {
          "0": 0.5217391304347826,
          "1": 0.6,
          "2": 0.6415094339622642
        },
        "log_loss_value": 1.036240507638859,
        "roc_auc_ovr": 0.7894822517763944,
        "brier_score": 0.5833652227786209,
        "crisis_recall": 0.53125,
        "crisis_precision": 0.8095238095238095,
        "regime_transition_accuracy": 0.2222222222222222,
        "expected_calibration_error": 0.17631998209468114,
        "early_warning_score": 0.7000000000000001
      },
      {
        "accuracy": 0.7142857142857143,
        "balanced_accuracy": 0.7172379032258065,
        "macro_f1": 0.4702009702009702,
        "weighted_f1": 0.7044847044847045,
        "cohen_kappa": 0.43186372745490986,
        "mcc": 0.46662951862469326,
        "precision_per_class": {
          "0": 0.6511627906976745,
          "1": 0.85,
          "2": 0.0
        },
        "recall_per_class": {
          "0": 0.9032258064516129,
          "1": 0.53125,
          "2": 0.0
        },
        "f1_per_class": {
          "0": 0.7567567567567568,
          "1": 0.6538461538461537,
          "2": 0.0
        },
        "log_loss_value": 0.6527751666811807,
        "roc_auc_ovr": 0.5,
        "brier_score": 0.39756571945928526,
        "crisis_recall": 0.0,
        "crisis_precision": 0.0,
        "regime_transition_accuracy": 0.6666666666666666,
        "expected_calibration_error": 0.13031942998144502,
        "early_warning_score": 0.0
      },
      {
        "accuracy": 0.6612903225806451,
        "balanced_accuracy": 0.7507739938080494,
        "macro_f1": 0.6740184837745812,
        "weighted_f1": 0.6686887638107148,
        "cohen_kappa": 0.44192027432490355,
        "mcc": 0.46172797322366926,
        "precision_per_class": {
          "0": 0.8518518518518519,
          "1": 0.4583333333333333,
          "2": 0.6363636363636364
        },
        "recall_per_class": {
          "0": 0.6052631578947368,
          "1": 0.6470588235294118,
          "2": 1.0
        },
        "f1_per_class": {
          "0": 0.7076923076923076,
          "1": 0.5365853658536585,
          "2": 0.7777777777777778
        },
        "log_loss_value": 1.0365193180577412,
        "roc_auc_ovr": 0.8620356037151703,
        "brier_score": 0.5514698039534109,
        "crisis_recall": 1.0,
        "crisis_precision": 0.6363636363636364,
        "regime_transition_accuracy": 0.3333333333333333,
        "expected_calibration_error": 0.24995663242855426,
        "early_warning_score": 1.0
      }
    ]
  },
  "random_forest": {
    "accuracy_mean": 0.5988735279057859,
    "accuracy_std": 0.06049670970731036,
    "balanced_accuracy_mean": 0.569125934706207,
    "balanced_accuracy_std": 0.12618979924464743,
    "macro_f1_mean": 0.4795487488595397,
    "macro_f1_std": 0.10653500058831145,
    "crisis_recall_mean": 0.43571428571428567,
    "crisis_recall_std": 0.3672845752052126,
    "cohen_kappa_mean": 0.32560840352994563,
    "cohen_kappa_std": 0.09596778126946273,
    "fold_metrics": [
      {
        "accuracy": 0.5873015873015873,
        "balanced_accuracy": 0.5515873015873015,
        "macro_f1": 0.5141414141414141,
        "weighted_f1": 0.5675805675805676,
        "cohen_kappa": 0.37385321100917435,
        "mcc": 0.42546518231963365,
        "precision_per_class": {
          "0": 0.475,
          "1": 0.2857142857142857,
          "2": 1.0
        },
        "recall_per_class": {
          "0": 0.95,
          "1": 0.13333333333333333,
          "2": 0.5714285714285714
        },
        "f1_per_class": {
          "0": 0.6333333333333334,
          "1": 0.18181818181818182,
          "2": 0.7272727272727273
        },
        "log_loss_value": 0.7797296066954228,
        "roc_auc_ovr": 0.8736304470108456,
        "brier_score": 0.46900317460317453,
        "crisis_recall": 0.5714285714285714,
        "crisis_precision": 1.0,
        "regime_transition_accuracy": 0.2727272727272727,
        "expected_calibration_error": 0.16460317460317456,
        "early_warning_score": 0.0
      },
      {
        "accuracy": 0.49206349206349204,
        "balanced_accuracy": 0.3977879481311976,
        "macro_f1": 0.3231981981981982,
        "weighted_f1": 0.4432646932646933,
        "cohen_kappa": 0.16417910447761197,
        "mcc": 0.24956115211345906,
        "precision_per_class": {
          "0": 0.43137254901960786,
          "1": 0.9,
          "2": 0.0
        },
        "recall_per_class": {
          "0": 0.9565217391304348,
          "1": 0.23684210526315788,
          "2": 0.0
        },
        "f1_per_class": {
          "0": 0.5945945945945946,
          "1": 0.375,
          "2": 0.0
        },
        "log_loss_value": 0.9123472166462638,
        "roc_auc_ovr": 0.8217570744394843,
        "brier_score": 0.5772317460317461,
        "crisis_recall": 0.0,
        "crisis_precision": 0.0,
        "regime_transition_accuracy": 0.36363636363636365,
        "expected_calibration_error": 0.14111111111111113,