{
  "logistic_regression": {
    "accuracy_mean": 0.3322314049586777,
    "accuracy_std": 0.06640432868297741,
    "balanced_accuracy_mean": 0.3510089320417229,
    "balanced_accuracy_std": 0.04016428366267619,
    "macro_f1_mean": 0.30290679745566373,
    "macro_f1_std": 0.04687034038659934,
    "crisis_recall_mean": 0.29207249261260565,
    "crisis_recall_std": 0.22349250310564125,
    "cohen_kappa_mean": 0.004033506585331992,
    "cohen_kappa_std": 0.03614033817413282,
    "fold_metrics": [
      {
        "accuracy": 0.2809917355371901,
        "balanced_accuracy": 0.2946896612484031,
        "macro_f1": 0.25899782135076255,
        "weighted_f1": 0.2621012261653973,
        "cohen_kappa": -0.038575374901341775,
        "mcc": -0.04547428092191267,
        "precision_per_class": {
          "0": 0.34545454545454546,
          "1": 0.1774193548387097,
          "2": 1.0
        },
        "recall_per_class": {
          "0": 0.40425531914893614,
          "1": 0.39285714285714285,
          "2": 0.08695652173913043
        },
        "f1_per_class": {
          "0": 0.37254901960784315,
          "1": 0.24444444444444446,
          "2": 0.16
        },
        "log_loss_value": 4.404182303405023,
        "roc_auc_ovr": 0.5078575066197041,
        "brier_score": 1.2924599572688402,
        "crisis_recall": 0.08695652173913043,
        "crisis_precision": 1.0,
        "regime_transition_accuracy": 0.36363636363636365,
        "expected_calibration_error": 0.6361635697621828,
        "early_warning_score": 0.47500000000000003
      },
      {
        "accuracy": 0.45454545454545453,
        "balanced_accuracy": 0.3851933073424301,
        "macro_f1": 0.3873736453874875,
        "weighted_f1": 0.427488012728221,
        "cohen_kappa": 0.05692017005196026,
        "mcc": 0.06315059589264593,
        "precision_per_class": {
          "0": 0.4838709677419355,
          "1": 0.43529411764705883,
          "2": 0.6
        },
        "recall_per_class": {
          "0": 0.3125,
          "1": 0.6851851851851852,
          "2": 0.15789473684210525
        },
        "f1_per_class": {
          "0": 0.379746835443038,
          "1": 0.5323741007194245,
          "2": 0.25
        },
        "log_loss_value": 3.1161016465094287,
        "roc_auc_ovr": 0.5741954316870066,
        "brier_score": 0.9257695021424149,
        "crisis_recall": 0.15789473684210525,
        "crisis_precision": 0.6,
        "regime_transition_accuracy": 0.56,
        "expected_calibration_error": 0.444182604629128,
        "early_warning_score": 0.9333333333333333
      },
      {
        "accuracy": 0.30578512396694213,
        "balanced_accuracy": 0.34816490698843644,
        "macro_f1": 0.30344519222615385,
        "weighted_f1": 0.3168328867476733,
        "cohen_kappa": 0.0019638648860959007,
        "mcc": 0.002159466911316725,
        "precision_per_class": {
          "0": 0.16981132075471697,
          "1": 0.34285714285714286,
          "2": 0.48484848484848486
        },
        "recall_per_class": {
          "0": 0.5,
          "1": 0.23076923076923078,
          "2": 0.3137254901960784
        },
        "f1_per_class": {
          "0": 0.2535211267605634,
          "1": 0.2758620689655173,
          "2": 0.380952380952381
        },
        "log_loss_value": 3.8692749393848085,
        "roc_auc_ovr": 0.5425119383366844,
        "brier_score": 1.1344080459346282,
        "crisis_recall": 0.3137254901960784,
        "crisis_precision": 0.48484848484848486,
        "regime_transition_accuracy": 0.2857142857142857,
        "expected_calibration_error": 0.5421652705713971,
        "early_warning_score": 0.5599999999999999
      },
      {
        "accuracy": 0.34710743801652894,
        "balanced_accuracy": 0.3222348798674399,
        "macro_f1": 0.3055616383694166,
        "weighted_f1": 0.3612107988787675,
        "cohen_kappa": -0.030731076126806034,
        "mcc": -0.03232446378592526,
        "precision_per_class": {
          "0": 0.3191489361702128,
          "1": 0.5106382978723404,
          "2": 0.1111111111111111
        },
        "recall_per_class": {
          "0": 0.4411764705882353,
          "1": 0.3380281690140845,
          "2": 0.1875
        },
        "f1_per_class": {
          "0": 0.37037037037037035,
          "1": 0.4067796610169492,
          "2": 0.13953488372093023
        },
        "log_loss_value": 2.859695599748714,
        "roc_auc_ovr": 0.5096831983562407,
        "brier_score": 1.038079425176292,
        "crisis_recall": 0.1875,
        "crisis_precision": 0.1111111111111111,
        "regime_transition_accuracy": 0.41025641025641024,
        "expected_calibration_error": 0.474931742946956,
        "early_warning_score": 0.8799999999999999
      },
      {
        "accuracy": 0.2727272727272727,
        "balanced_accuracy": 0.4047619047619048,
        "macro_f1": 0.25915568994449806,
        "weighted_f1": 0.318425451071955,
        "cohen_kappa": 0.030589949016751605,
        "mcc": 0.04109064614946299,
        "precision_per_class": {
          "0": 0.72,
          "1": 0.2857142857142857,
          "2": 0.08196721311475409
        },
        "recall_per_class": {
          "0": 0.23684210526315788,
          "1": 0.2631578947368421,
          "2": 0.7142857142857143
        },
        "f1_per_class": {
          "0": 0.3564356435643564,
          "1": 0.273972602739726,
          "2": 0.14705882352941174
        },
        "log_loss_value": 4.677693866055444,
        "roc_auc_ovr": 0.5369568499562158,
        "brier_score": 1.3039539785297287,
        "crisis_recall": 0.7142857142857143,
        "crisis_precision": 0.08196721311475409,
        "regime_transition_accuracy": 0.28125,
        "expected_calibration_error": 0.619346154467883,
        "early_warning_score": 0.8999999999999999
      }
    ]
  },
  "random_forest": {
    "accuracy_mean": 0.41652892561983473,
    "accuracy_std": 0.08910302130210615,
    "balanced_accuracy_mean": 0.3993995147882103,
    "balanced_accuracy_std": 0.059115444335149855,
    "macro_f1_mean": 0.3138252387770627,
    "macro_f1_std": 0.046007123906950755,
    "crisis_recall_mean": 0.21887254901960781,
    "crisis_recall_std": 0.3644135582625842,
    "cohen_kappa_mean": 0.08555491256036865,
    "cohen_kappa_std": 0.06201546191719017,
    "fold_metrics": [
      {
        "accuracy": 0.3884297520661157,
        "balanced_accuracy": 0.3429584599797366,
        "macro_f1": 0.23304034257381115,
        "weighted_f1": 0.2592437373923636,
        "cohen_kappa": 0.04653391545096364,
        "mcc": 0.06666493598970806,
        "precision_per_class": {
          "0": 0.45918367346938777,
          "1": 0.08695652173913043,
          "2": 0.0
        },
        "recall_per_class": {
          "0": 0.9574468085106383,
          "1": 0.07142857142857142,
          "2": 0.0
        },
        "f1_per_class": {
          "0": 0.6206896551724138,
          "1": 0.0784313725490196,
          "2": 0.0
        },
        "log_loss_value": 1.3042016925733841,
        "roc_auc_ovr": 0.5976997630941111,
        "brier_score": 0.7449648384051814,
        "crisis_recall": 0.0,
        "crisis_precision": 0.0,
        "regime_transition_accuracy": 0.30303030303030304,
        "expected_calibration_error": 0.2087310726348113,
        "early_warning_score": 0.05
      },
      {
        "accuracy": 0.5289256198347108,
        "balanced_accuracy": 0.42746913580246915,
        "macro_f1": 0.3731607478703396,
        "weighted_f1": 0.46780754471669594,
        "cohen_kappa": 0.19848925043579302,
        "mcc": 0.22593209279686646,
        "precision_per_class": {
          "0": 0.5060240963855421,
          "1": 0.5789473684210527,
          "2": 0.0
        },
        "recall_per_class": {
          "0": 0.875,
          "1": 0.4074074074074074,
          "2": 0.0
        },
        "f1_per_class": {
          "0": 0.6412213740458014,
          "1": 0.47826086956521735,
          "2": 0.0
        },