{
  "avg_val_acc": 0.7041666666666667,
  "std_val_acc": 0.0813167460886406,
  "avg_val_loss": 1.035923979471748,
  "avg_crisis_recall": 0.5714285714285714,
  "std_crisis_recall": 0.469476477861571,
  "n_folds": 5,
  "overall_metrics": {
    "accuracy": 0.7025316455696202,
    "balanced_accuracy": 0.7420286049202289,
    "macro_f1": 0.7073951930312452,
    "weighted_f1": 0.6958606908257184,
    "cohen_kappa": 0.5536119501675608,
    "mcc": 0.562199063718641,
    "precision_per_class": {
      "0": 0.7747747747747747,
      "1": 0.693069306930693,
      "2": 0.6346153846153846
    },
    "recall_per_class": {
      "0": 0.7226890756302521,
      "1": 0.546875,
      "2": 0.9565217391304348
    },
    "f1_per_class": {
      "0": 0.7478260869565218,
      "1": 0.611353711790393,
      "2": 0.7630057803468208
    },
    "log_loss_value": 0.81320421294657,
    "roc_auc_ovr": 0.8763233575842789,
    "brier_score": 0.44569977615892703,
    "crisis_recall": 0.9565217391304348,
    "crisis_precision": 0.6346153846153846,
    "regime_transition_accuracy": 0.509090909090909,
    "expected_calibration_error": 0.07358759396438358,
    "early_warning_score": 0.825
  }
}