{
  "avg_val_acc": 0.7107526881720431,
  "std_val_acc": 0.11670308587216682,
  "avg_val_loss": 1.181184297002741,
  "avg_crisis_recall": 0.4821428571428571,
  "std_crisis_recall": 0.42197301393548375,
  "n_folds": 5,
  "overall_metrics": {
    "accuracy": 0.7101910828025477,
    "balanced_accuracy": 0.7130303903611165,
    "macro_f1": 0.7149300411522633,
    "weighted_f1": 0.7101303766611622,
    "cohen_kappa": 0.5512242622229901,
    "mcc": 0.5515462634180153,
    "precision_per_class": {
      "0": 0.696,
      "1": 0.6991869918699187,
      "2": 0.7575757575757576
    },
    "recall_per_class": {
      "0": 0.7372881355932204,
      "1": 0.6771653543307087,
      "2": 0.7246376811594203
    },
    "f1_per_class": {
      "0": 0.7160493827160493,
      "1": 0.6880000000000001,
      "2": 0.7407407407407408
    },
    "log_loss_value": 0.8083029181431043,
    "roc_auc_ovr": 0.8582402981204131,
    "brier_score": 0.4457131495158213,
    "crisis_recall": 0.7246376811594203,
    "crisis_precision": 0.7575757575757576,
    "regime_transition_accuracy": 0.49056603773584906,
    "expected_calibration_error": 0.0792791653590597,
    "early_warning_score": 0.65
  }
}