{
  "avg_val_acc": 0.6752133333333334,
  "std_val_acc": 0.08989279194932395,
  "avg_val_loss": 1.3479769993066788,
  "avg_crisis_recall": 0.6965600000000001,
  "std_crisis_recall": 0.40177522870381144,
  "n_folds": 5,
  "overall_metrics": {
    "accuracy": 0.7666666666666667,
    "balanced_accuracy": 0.8192918192918194,
    "macro_f1": 0.7285803334891693,
    "weighted_f1": 0.7785811126694716,
    "cohen_kappa": 0.6001903855306996,
    "mcc": 0.6218671512469629,
    "precision_per_class": {
      "0": 0.9666666666666667,
      "1": 0.5882352941176471,
      "2": 0.5384615384615384
    },
    "recall_per_class": {
      "0": 0.7435897435897436,
      "1": 0.7142857142857143,
      "2": 1.0
    },
    "f1_per_class": {
      "0": 0.8405797101449275,
      "1": 0.6451612903225806,
      "2": 0.7
    },
    "log_loss_value": 0.7883780928574357,
    "roc_auc_ovr": 0.9489302967563837,
    "brier_score": 0.4426369679826363,
    "crisis_recall": 1.0,
    "crisis_precision": 0.5384615384615384,
    "regime_transition_accuracy": 0.4,
    "expected_calibration_error": 0.23971923142671583,
    "early_warning_score": 1.0
  }
}