{
  "validation": {
    "avg_val_acc": 0.6859649122807018,
    "std_val_acc": 0.08883500983278711,
    "avg_val_loss": 1.4378406073963432,
    "avg_crisis_recall": 0.9238311688311688,
    "std_crisis_recall": 0.12725476947256875,
    "n_folds": 5
  },
  "out_of_sample_test": {
    "accuracy": 0.7567567567567568,
    "crisis_recall": 1.0,
    "roc_auc": 0.9072503842061659,
    "macro_f1": 0.7660121010552877,
    "ece": 0.14959885880753798,
    "n_samples": 185,
    "crisis_samples": 17
  },
  "overall_metrics": {
    "accuracy": 0.7567567567567568,
    "balanced_accuracy": 0.792411755559011,
    "macro_f1": 0.7660121010552877,
    "weighted_f1": 0.7503371319257149,
    "cohen_kappa": 0.549805321219987,
    "mcc": 0.5516415834660753,
    "precision_per_class": {
      "0": 0.7982456140350878,
      "1": 0.64,
      "2": 0.8095238095238095
    },
    "recall_per_class": {
      "0": 0.8348623853211009,
      "1": 0.5423728813559322,
      "2": 1.0
    },
    "f1_per_class": {
      "0": 0.8161434977578476,
      "1": 0.5871559633027523,
      "2": 0.8947368421052632
    },
    "log_loss_value": 0.8652857062794821,
    "roc_auc_ovr": 0.9072503842061659,
    "brier_score": 0.4557353259648079,
    "crisis_recall": 1.0,
    "crisis_precision": 0.8095238095238095,
    "regime_transition_accuracy": 0.5,
    "expected_calibration_error": 0.14959885880753798,
    "early_warning_score": 1.0
  }
}