{
  "avg_val_acc": 0.7442649416333628,
  "std_val_acc": 0.050475936583452355,
  "avg_val_loss": 1.460685768916204,
  "avg_crisis_recall": 0.9358823529411765,
  "std_crisis_recall": 0.07262502642800085,
  "n_folds": 4,
  "overall_metrics": {
    "accuracy": 0.7484909456740443,
    "balanced_accuracy": 0.7636386156498044,
    "macro_f1": 0.7497234185692739,
    "weighted_f1": 0.7449065182025272,
    "cohen_kappa": 0.6230462113489637,
    "mcc": 0.6286329029594566,
    "precision_per_class": {
      "0": 0.689873417721519,
      "1": 0.7950310559006211,
      "2": 0.7584269662921348
    },
    "recall_per_class": {
      "0": 0.7841726618705036,
      "1": 0.624390243902439,
      "2": 0.8823529411764706
    },
    "f1_per_class": {
      "0": 0.734006734006734,
      "1": 0.6994535519125683,
      "2": 0.8157099697885196
    },
    "log_loss_value": 0.7837713445185591,
    "roc_auc_ovr": 0.8778944092995702,
    "brier_score": 0.41908724070058634,
    "crisis_recall": 0.8823529411764706,
    "crisis_precision": 0.7584269662921348,
    "regime_transition_accuracy": 0.6136363636363636,
    "expected_calibration_error": 0.10508966080139819,
    "early_warning_score": 0.9500000000000001
  }
}