{
  "avg_val_acc": 0.7337310009585102,
  "std_val_acc": 0.018182591842983667,
  "avg_val_loss": 1.1280449724005286,
  "avg_crisis_recall": 1.0,
  "std_crisis_recall": 0.0,
  "n_folds": 4,
  "overall_metrics": {
    "accuracy": 0.7358870967741935,
    "balanced_accuracy": 0.7619184652278177,
    "macro_f1": 0.7315585720888639,
    "weighted_f1": 0.7187367098858386,
    "cohen_kappa": 0.6079335292378429,
    "mcc": 0.6300005562764116,
    "precision_per_class": {
      "0": 0.7466666666666667,
      "1": 0.8067226890756303,
      "2": 0.6916299559471366
    },
    "recall_per_class": {
      "0": 0.8057553956834532,
      "1": 0.48,
      "2": 1.0
    },
    "f1_per_class": {
      "0": 0.7750865051903114,
      "1": 0.6018808777429467,
      "2": 0.8177083333333334
    },
    "log_loss_value": 0.7530225913745096,
    "roc_auc_ovr": 0.8970707979012348,
    "brier_score": 0.43016295977795455,
    "crisis_recall": 1.0,
    "crisis_precision": 0.6916299559471366,
    "regime_transition_accuracy": 0.5714285714285714,
    "expected_calibration_error": 0.11820203618657202,
    "early_warning_score": 1.0
  }
}