{
  "avg_val_acc": 0.7328841999894631,
  "std_val_acc": 0.05684925984374788,
  "avg_val_loss": 1.601282692232987,
  "avg_crisis_recall": 0.9145098039215687,
  "std_crisis_recall": 0.09683336857066781,
  "n_folds": 4,
  "overall_metrics": {
    "accuracy": 0.7404426559356136,
    "balanced_accuracy": 0.7653997318644367,
    "macro_f1": 0.7447525676937442,
    "weighted_f1": 0.7337218354297299,
    "cohen_kappa": 0.613003114663061,
    "mcc": 0.6225075307460962,
    "precision_per_class": {
      "0": 0.6666666666666666,
      "1": 0.756578947368421,
      "2": 0.8113207547169812
    },
    "recall_per_class": {
      "0": 0.8920863309352518,
      "1": 0.5609756097560976,
      "2": 0.8431372549019608
    },
    "f1_per_class": {
      "0": 0.763076923076923,
      "1": 0.6442577030812325,
      "2": 0.826923076923077
    },
    "log_loss_value": 0.80054823348114,
    "roc_auc_ovr": 0.8647968629078991,
    "brier_score": 0.43220170820454695,
    "expected_calibration_error": 0.09037215788839328,
    "crisis_recall": 0.8431372549019608,
    "crisis_precision": 0.8113207547169812,
    "crisis_f1": 0.826923076923077,
    "crisis_auc": 0.912467700258398,
    "crisis_average_precision": 0.8731446908009675,
    "regime_transition_accuracy": 0.6590909090909091,
    "early_warning_score": 0.9833333333333334,
    "transition_lead_time": 1.0,
    "false_alarm_rate": 0.0872093023255814,
    "regime_persistence_accuracy": 0.8213166144200627,
    "regime_duration_mae": 6.461338661338662,
    "information_coefficient": 0.7954589010630178,
    "hit_rate": 0.18181818181818182,
    "tail_risk_detection_rate": 0.0,
    "var_breach_detection": 0.0,
    "expected_shortfall_accuracy": 0.0,
    "economic_value_added": 0.0,
    "sharpe_improvement": 0.0,
    "max_drawdown_reduction": 0.0,
    "calmar_improvement": 0.0,
    "prediction_stability": 0.939516129032258,
    "regime_entropy": 1.0947580567175415,
    "confidence_when_correct": 0.7515628933906555,
    "confidence_when_wrong": 0.659763753414154,
    "mutual_information": 0.4533869527772967,
    "normalized_mutual_information": 0.41612874709498393,
    "kl_divergence": 0.07516991931471481
  }
}