{
  "validation": {
    "avg_val_acc": 0.6192982456140351,
    "std_val_acc": 0.09309823972927435,
    "avg_val_loss": 2.2642635930264206,
    "avg_crisis_recall": 0.27228535353535355,
    "std_crisis_recall": 0.23150895536378555,
    "n_folds": 5
  },
  "out_of_sample_test": {
    "accuracy": 0.6411764705882353,
    "crisis_recall": 1.0,
    "roc_auc": 0.8133116883116882,
    "macro_f1": 0.6789872579346263,
    "ece": 0.26606722298790425,
    "n_samples": 170,
    "crisis_samples": 16
  },
  "overall_metrics": {
    "accuracy": 0.6411764705882353,
    "balanced_accuracy": 0.7378787878787879,
    "macro_f1": 0.6789872579346263,
    "weighted_f1": 0.6559137642728974,
    "cohen_kappa": 0.38251756579730856,
    "mcc": 0.4038883111488991,
    "precision_per_class": {
      "0": 0.8354430379746836,
      "1": 0.38571428571428573,
      "2": 0.7619047619047619
    },
    "recall_per_class": {
      "0": 0.6,
      "1": 0.6136363636363636,
      "2": 1.0
    },
    "f1_per_class": {
      "0": 0.6984126984126984,
      "1": 0.47368421052631576,
      "2": 0.8648648648648649
    },
    "log_loss_value": 1.2952039729314282,
    "roc_auc_ovr": 0.8133116883116882,
    "brier_score": 0.6464582295671109,
    "crisis_recall": 1.0,
    "crisis_precision": 0.7619047619047619,
    "regime_transition_accuracy": 0.46153846153846156,
    "expected_calibration_error": 0.26606722298790425,
    "early_warning_score": 1.0
  }
}