{
  "validation": {
    "avg_val_acc": 0.4192982456140351,
    "std_val_acc": 0.059597500882326404,
    "avg_val_loss": 0.5654679761121149,
    "avg_crisis_recall": 0.7836692043588596,
    "std_crisis_recall": 0.1319811223231526,
    "n_folds": 5,
    "prediction_horizon": 5
  },
  "out_of_sample_test": {
    "accuracy": 0.3924731182795699,
    "balanced_accuracy": 0.3987882667385396,
    "crisis_recall": 0.5294117647058824,
    "roc_auc": 0.6194294003141038,
    "macro_f1": 0.2841601633104387,
    "ece": 0.12651831937092606,
    "n_samples": 186,
    "crisis_samples": 17
  }
}